Model,Accuracy,Precision,Recall,F1 Score,ROC-AUC
NaiveBayes,0.968609865470852,1.0,0.7651006711409396,0.8669201520912547,0.9894534995206136
LogisticRegression,0.967713004484305,1.0,0.7583892617449665,0.8625954198473282,0.9875637444940043
